백상코퍼레이션,백상앨리츠1차
백상코퍼레이션,KGC원주공장
백상코퍼레이션,야베스밸리
백상코퍼레이션,알앰물류센터
백상코퍼레이션,청암빌딩
백상코퍼레이션,정석빌딩
백상코퍼레이션,월미도물류센터
백상코퍼레이션,인천국제물류센터
백상코퍼레이션,아일렉스상가
백상코퍼레이션,공덕해링턴스퀘어
백상코퍼레이션,도산150빌딩
백상BMS,백상빌딩
백상BMS,파인디지털
백상BMS,백상앨리츠2차
백상BMS,성지하이츠1
백상BMS,성우빌딩
백상BMS,E폴리스
백상개발,BS성수타워
백상코퍼레이션,농협통합IT센터
백상코퍼레이션,인하대병원
백상코퍼레이션,한진빌딩
백상코퍼레이션,공덕빌딩
백상코퍼레이션,잠실야구장
백상코퍼레이션,인덕원IT밸리
백상코퍼레이션,가톨릭관동대학교
백상코퍼레이션,소방병원
백상코퍼레이션,페덱스물류센터
백상코퍼레이션,현대자동차 군산하이테크
백상코퍼레이션,현대자동차 전주하이테크
백상코퍼레이션,현대자동차 광주하이테크
백상코퍼레이션,쿠팡안성5센터
백상코퍼레이션,쿠팡안성8센터
백상코퍼레이션,쿠팡부천1센터
백상코퍼레이션,"쿠팡대구1,2,6센터"
백상코퍼레이션,쿠팡대구3센터
백상코퍼레이션,쿠팡이천1센터
백상코퍼레이션,쿠팡이천2센터
백상코퍼레이션,쿠팡이천4센터
백상코퍼레이션,쿠팡곤지암2센터
백상코퍼레이션,쿠팡호법1센터
백상코퍼레이션,쿠팡인천TW
백상코퍼레이션,쿠팡인천12센터
백상코퍼레이션,쿠팡인천13센터
백상코퍼레이션,쿠팡인천16센터
백상코퍼레이션,쿠팡인천4센터
백상코퍼레이션,쿠팡인천5센터
백상코퍼레이션,쿠팡경기광주1센터
백상코퍼레이션,쿠팡마장1센터
백상코퍼레이션,쿠팡평택5센터
백상코퍼레이션,쿠팡양지3센터
백상코퍼레이션,쿠팡양산1센터
백상코퍼레이션,"쿠팡여주1,2센터"
백상코퍼레이션,쿠팡용인1센터
백상코퍼레이션,"쿠팡용인3,5센터"
백상코퍼레이션,"쿠팡경산1,2센터"
백상코퍼레이션,"쿠팡양지4,7센터"
백상코퍼레이션,쿠팡인천30센터
백상코퍼레이션,제주대BTL생활관
백상코퍼레이션,삼신봉터널
백상코퍼레이션,사이언스파크DP3
백상코퍼레이션,사이언스파크2차부지
백상코퍼레이션,사이언스파크DP2
백상코퍼레이션,교직원공제회여의도
백상코퍼레이션,교직원공제회인천회관
백상코퍼레이션,교직원공제회강원
백상코퍼레이션,KB증권남울산
백상코퍼레이션,KB증권대구
백상코퍼레이션,NH서울타워LGCNS
백상코퍼레이션,K스퀘어
백상코퍼레이션,퍼스트타워
백상코퍼레이션,LG유플러스 용산사옥
백상코퍼레이션,을지로타워
백상코퍼레이션,KT&G강동빌딩
백상코퍼레이션,건와빌딩
백상코퍼레이션,에너지솔루션과천
백상코퍼레이션,파크원에너지솔루션
백상코퍼레이션,메리츠화재연수원
백상코퍼레이션,메리츠화재부천
백상코퍼레이션,GS타워
백상코퍼레이션,송암빌딩
백상코퍼레이션,GS칼텍스내곡
백상코퍼레이션,GS칼텍스죽전
백상코퍼레이션,뉴파워프라즈마
백상코퍼레이션,국민은행천안연수원
백상코퍼레이션,국민은행일산연수원
백상코퍼레이션,국민은행속초연수원
백상코퍼레이션,국민은행대천연수원
백상코퍼레이션,세이지우드
백상코퍼레이션,LF스퀘어광양
백상코퍼레이션,아이아이컴바인드
백상코퍼레이션,교원인천공장
백상코퍼레이션,교원명동빌딩
백상코퍼레이션,교원대구빌딩
백상코퍼레이션,부산교원빌딩
백상코퍼레이션,성수물류센터
백상코퍼레이션,교원투어빌딩
백상코퍼레이션,일산후곡빌딩
백상코퍼레이션,안성교원물류
백상코퍼레이션,파주교원물류센터
백상코퍼레이션,당산한경빌딩
백상코퍼레이션,데상트연구소
백상코퍼레이션,교원가평비전센터
백상코퍼레이션,도고교원연수원
백상코퍼레이션,풀브라이트빌딩
백상코퍼레이션,서울예대캠퍼스
백상BMS,산학협동재단
백상BMS,수원현대빌딩
백상코퍼레이션,슈피겐HQ빌딩
백상코퍼레이션,슈피겐인천물류센터
백상코퍼레이션.,남대문자유상가
백상코퍼레이션,가든파이브툴
백상코퍼레이션,KB증권대치
백상코퍼레이션,서울예대기숙사
백상코퍼레이션,한석타워
백상BMS,나라키움대전통합청사
백상코퍼레이션,이마트경산물류
백상코퍼레이션,교원경주드림센터
백상코퍼레이션,홍대세종캠퍼스시설
백상코퍼레이션,홍익대학교서울
백상BMS,동탄인큐베이팅센터
백상BMS,동탄lh스마트주차장
백상코퍼레이션,343 강남빌딩
백상BMS,한국에너지기술연구원
백상BMS,건강보험공단별관
백상코퍼레이션,라마다호텔
백상코퍼레이션,애플타워
백상코퍼레이션,타워730
백상코퍼레이션,페럼클럽
백상코퍼레이션,가든파이브웍스
백상코퍼레이션,홍익대세종미화
백상코퍼레이션,한양대학교
백상코퍼레이션.,페이머스
백상코퍼레이션,갑도물산광희빌딩
백상코퍼레이션,갑도물산MH빌딩
백상코퍼레이션,서울보증보험
백상코퍼레이션,한국관광대학교
백상코퍼레이션,이스트폴
백상코퍼레이션,현대차금정지점
백상코퍼레이션,현대차부산하이테크
백상코퍼레이션,전주현대자동차
백상코퍼레이션,의왕연구소
백상코퍼레이션,이대서울병원
백상코퍼레이션,페럼타워
백상코퍼레이션,상암디지털큐브
백상코퍼레이션,한국증권금융
